exome_id,rnaseq_id,pik3ca,tp53,mutated_examined_genes,has_public_expression,biosamples,expression_source
HSA_1,DHSA-1008,wt,mutant,TP53,True,SAMN06368884,GSE95183
HSA_4,DHSA-0502,mutant,mutant,PIK3CA;TP53,True,SAMN06368903,GSE95183
HSA_6,CHAD-G4,wt,wt,,True,SAMN06368908,GSE95183
HSA_7,DHSA-0602,wt,wt,,True,SAMN06368901,GSE95183
HSA_11,DHSA-0804,mutant,mutant,PIK3CA;TP53,True,SAMN06368893,GSE95183
HSA_13,,wt,mutant,TP53,False,SAMN12659345,PRJNA562916 (raw SRA)
HSA_17,,wt,mutant,ARPC1A;TP53,False,SAMN12659342,PRJNA562916 (raw SRA)
HSA_18,,mutant,wt,PIK3CA;RASA1,False,SAMN12659343,PRJNA562916 (raw SRA)
HSA_19,DHSA-0906,wt,mutant,TP53,True,SAMN06368888,GSE95183
HSA_20,DHSA-0904,wt,mutant,TP53,True,SAMN06368890,GSE95183
HSA_21,DHSA-0905,wt,mutant,ORC1;PIK3R1;TP53,True,SAMN06368889,GSE95183
HSA_22,DHSA-1002,wt,mutant,TP53,True,SAMN12659341;SAMN06368879,GSE95183
HSA_24,DHSA-0909,wt,mutant,TP53,True,SAMN06368886,GSE95183
HSA_26,DHSA-1103,wt,wt,,True,SAMN06368847,GSE95183
HSA_27,DHSA-1106,mutant,wt,PIK3CA,True,SAMN06368846,GSE95183
HSA_28,DHSA-1109,mutant,wt,PIK3CA;RASA1,True,SAMN06368856,GSE95183
HSA_29,DHSA-1010,mutant,wt,PIK3CA,True,SAMN06368882,GSE95183
HSA_35,,wt,mutant,ORC1;TP53,False,SAMN12659347,PRJNA562916 (raw SRA)
HSA_36,,mutant,wt,ARPC1A;PIK3CA,False,SAMN12659352,PRJNA562916 (raw SRA)
